[{"name":"theme_info","theme_name":"Warehouse","theme_author":"Rawart","theme_version":"1.13.0","theme_documentation_url":"http:\/\/rawart.com.br\/","theme_support_url":"https:\/\/rawart.com.br"},{"name":"RAWART","settings":[{"type":"paragraph","content":"[Rawart.com.br](https:\/\/rawart.com.br\/) Obrigado por adquirir nosso tema totalmente personalizado com os melhores recursos para deixar sua loja muito mais completa."},{"type":"header","content":"Veja onde estamos"},{"type":"paragraph","content":"Confira as melhores dicas de drop em nosso canal no YouTube [Drop da Revolução](https:\/\/www.youtube.com\/channel\/UC-KeHrj3HFj1-dbBjrsYw_A\/?sub_confirmation=1)"},{"type":"paragraph","content":"Grupo aberto no [Telegram](https:\/\/t.me\/rawart_oficial)"},{"type":"paragraph","content":"Grupo VIP no [Telegram](https:\/\/lastlink.com\/c\/C2FF26828)"},{"type":"paragraph","content":"✅ Conte com nosso suporte especializado"},{"type":"paragraph","content":"✅ Mentoria Shopify"},{"type":"paragraph","content":"✅ Gestão de tráfego"},{"type":"paragraph","content":"✅ Receba benefícios exclusivos"},{"type":"paragraph","content":"✅ Atualizações do tema Rawart"},{"type":"header","content":"Atenção"},{"type":"paragraph","content":"Tema personalizado por Walyson Patric e Andre Raul, permitido a vender nossos serviços somente os administradores do grupo no Telegram"}]},{"name":"WhatsApp","settings":[{"type":"header","content":"Botão WhatsApp"},{"type":"checkbox","id":"addzap","label":"Ativa o botão de WhatsApp no site","default":false},{"type":"select","id":"lado_zap","default":"1","options":[{"value":"1","label":"Esquerda"},{"value":"2","label":"Direita"}],"label":"Selecione a posição do ícone"},{"type":"checkbox","id":"zapicon","label":"Ícone do WhatsApp","info":"Se usar uma imagem desmarque isso","default":true},{"type":"image_picker","id":"imagezap","label":"Escolha uma imagem para o botão","info":"Formato aceito: png, jpg ou gif"},{"type":"range","id":"zap_altura","min":0,"max":300,"step":5,"unit":"px","label":"Altura do botão","info":"Escolha a altura do botão do WhatsApp","default":0},{"type":"range","id":"zap_altura_box","min":0,"max":300,"step":5,"unit":"px","label":"Altura da caixa de mensagem","info":"Caixa que abre ao clicar no botão","default":30},{"type":"textarea","id":"numberzap","label":"Número do WhatsApp","info":"O número que vai receber a mensagem, exemplo 5519992723612 (sem o + antes do 55)"},{"type":"textarea","id":"titlezap","label":"Título e Subtítulo do Box","info":"Personalize a escrita da caixa de mensagem"},{"type":"color","id":"colorzap","label":"Selecione a cor do Box","info":"Troque a cor de fundo","default":"#25D366"},{"type":"textarea","id":"chatzap","label":"Texto da mensagem","info":"Personalize a escrita no chat"},{"type":"textarea","id":"digizap","label":"Texto onde vai escrever","info":"O texto que mostra para o cliente"},{"type":"header","content":"Equipe Rawart"},{"type":"paragraph","content":"Código fornecido por [Rawart](https:\/\/rawart.com.br\/) e [Canal Drop da Revolução](https:\/\/www.youtube.com\/channel\/UC-KeHrj3HFj1-dbBjrsYw_A?sub_confirmation=1) Obrigado por apoiar nosso trabalho!"}]},{"name":"Configurações Visual","settings":[{"type":"header","content":"Ativar Visual Mercado Livre"},{"type":"checkbox","id":"mp_active","label":"Marque para ativar o visual MP","default":false},{"type":"checkbox","id":"mpbusca_display","label":"Deixe só o ícone de busca","info":"Modo ativo só no celular","default":false},{"type":"color","id":"mp_color","label":"Cor do fundo","info":"Escolha outra cor de fundo","default":"#fff159"},{"type":"color","id":"mp2_color","label":"Cor dos Ícones","info":"Escolha a cor dos ícone","default":"#333333"},{"type":"color","id":"mp3_color","label":"Cor do indicador do carrinho","info":"Cor da bolinha do carrinho","default":"#4eca52"},{"type":"header","content":"Mini banner no topo do site"},{"type":"checkbox","id":"bannertop","label":"Ativar o mini banner no topo","default":false},{"type":"image_picker","id":"add_minibanner","label":"Banner no Desktop \/ 2560x100","info":"Formato aceito: png, jpg ou gif"},{"type":"image_picker","id":"addmobile_minibanner","label":"Banner no Celular \/ 1400x100","info":"Formato aceito: png, jpg ou gif"},{"type":"url","id":"link_minibanner","label":"Link ligado ao banner","info":"Coloque um link para quando clicar no banner","default":"\/"},{"type":"header","content":"Borda colorida no cabeçalho do site"},{"type":"checkbox","id":"colorline_active","label":"Marque para ativar a borda","default":false},{"type":"color","id":"colorline","label":"Cor da borda 1","info":"Transição de cor","default":"#ffff4a"},{"type":"color","id":"colorline2","label":"Cor da borda 2","info":"Transição de cor","default":"#fcd000"},{"type":"color","id":"colorline3","label":"Cor da borda 3","info":"Transição de cor","default":"#ffc112"},{"type":"color","id":"colorline4","label":"Cor da borda 4","info":"Transição de cor","default":"#a3d3fd"},{"type":"color","id":"colorline5","label":"Cor da borda 5","info":"Transição de cor","default":"#dbeeff"},{"type":"color","id":"colorline6","label":"Cor da borda 6","info":"Transição de cor","default":"#00d62e"},{"type":"header","content":"Equipe Rawart"},{"type":"paragraph","content":"Código fornecido por [Rawart](https:\/\/rawart.com.br\/) e [Canal Drop da Revolução](https:\/\/www.youtube.com\/channel\/UC-KeHrj3HFj1-dbBjrsYw_A?sub_confirmation=1) Obrigado por apoiar nosso trabalho!"}]},{"name":"Encurtar título do produto","settings":[{"type":"header","content":"Deixe o título pradronizado"},{"type":"checkbox","id":"truncate_product_title","label":"Deixar o título curto em todos os produtos","default":false},{"type":"text","id":"truncate_product_title_w","label":"Mostrar Palavras","default":"15","info":"Inteiro"},{"type":"text","id":"truncate_product_title_s","label":"Últimos Símbolos","default":"..."},{"type":"header","content":"Equipe Rawart"},{"type":"paragraph","content":"Código fornecido por [Rawart](https:\/\/rawart.com.br\/) e [Canal Drop da Revolução](https:\/\/www.youtube.com\/channel\/UC-KeHrj3HFj1-dbBjrsYw_A?sub_confirmation=1) Obrigado por apoiar nosso trabalho!"}]},{"name":"Página de Produto (Extras)","settings":[{"type":"header","content":"Opções extras na página de Produto"},{"type":"checkbox","id":"addtocart","label":"Barra fixa com botão comprar com variação","info":"Desmarque para remover a barra, ativa só no celular.","default":false},{"type":"checkbox","id":"addtocart2","label":"Barra fixa só com botão comprar","info":"Desmarque para remover o botão, ativa só no celular.","default":true},{"type":"paragraph","content":"—————————————————"},{"type":"checkbox","id":"add_descont","label":"Desconto em % ao lado do preço","info":"Desmarque para remover","default":true},{"type":"color","id":"add_descont_color","label":"Cor do ícone","info":"Defina uma cor para o box de desconto","default":"#ff7600"},{"type":"color","id":"add2_descont_color","label":"Cor do texto","info":"Defina uma cor para o texto","default":"#ffffff"},{"type":"paragraph","content":"—————————————————"},{"type":"header","content":"Contador de pessoas ao vivo"},{"type":"checkbox","id":"live_enable","label":"Usar contador ao vivo"},{"type":"textarea","id":"live_message","label":"Texto depois do número","default":"pessoas vendo este produto agora"},{"type":"range","id":"live_count","label":"Quantidade de visitantes","info":"Acrescenta ao total","min":2,"max":100,"step":1,"default":25},{"type":"color","id":"live_background_color","label":"Cor de fundo do box","default":"#FFFFFF"},{"type":"color","id":"live_text_color","label":"Cor do texto","default":"#878787"},{"type":"range","id":"live_font_size","min":1,"max":90,"step":1,"unit":"px","label":"Tamanho do texto","default":4},{"type":"range","id":"live_height","min":1,"max":90,"step":1,"unit":"px","label":"Altura do box","default":4},{"type":"range","id":"live_width","min":0,"max":40,"step":1,"unit":"px","label":"Largura do box","default":6},{"type":"range","id":"live_border_radius","min":0,"max":30,"step":1,"unit":"px","label":"Borda arredondada","info":"0 para ficar quadrado","default":5},{"type":"paragraph","content":"—————————————————"},{"type":"header","content":"App de Reviews"},{"type":"checkbox","id":"use_pr_rating","label":"Ativar estrelas","info":"Estrelas que aparece em baixo do título do produto.","default":true},{"type":"select","id":"app_review","options":[{"value":"1","label":"Shopify Reviews"},{"value":"2","label":"Ryviu app"},{"value":"3","label":"Alireviews app"},{"value":"4","label":"Loox - Photo Reviews"},{"value":"5","label":"Growave Reviews"},{"value":"6","label":"Other app"}],"label":"Reviews app","default":"1"},{"type":"paragraph","content":"[Shopify Reviews app](https:\/\/apps.shopify.com\/product-reviews)"},{"type":"paragraph","content":"[Ryviu app](https:\/\/www.ryviu.com\/?rel=3in5hrqs)"},{"type":"paragraph","content":"[Alireviews app](https:\/\/fireapps.io\/shopify-apps\/ali-reviews?utm_campaign=The4&utm_source=theme_editor)"},{"type":"paragraph","content":"[Loox app](https:\/\/loox.io\/app\/The4)"},{"type":"paragraph","content":"[Growave app](https:\/\/growave.io\/?ref=walyson)"},{"type":"header","content":"Equipe Rawart"},{"type":"paragraph","content":"Código fornecido por [Rawart](https:\/\/rawart.com.br\/) e [Canal Drop da Revolução](https:\/\/www.youtube.com\/channel\/UC-KeHrj3HFj1-dbBjrsYw_A?sub_confirmation=1) Obrigado por apoiar nosso trabalho!"}]},{"name":"Parcelamento","settings":[{"type":"header","content":"Código de Parcelamento Personalizado"},{"type":"checkbox","id":"hide_parcela","label":"Ativar na home","info":"Marque para ativar na página Inicial","default":true},{"type":"checkbox","id":"hide2_parcela","label":"Ativar na tela de produto","info":"Marque para ativar na tela de produto","default":false},{"type":"checkbox","id":"parcela_semjuros","label":"Ativar Sem Juros","info":"Mostre 'Sem Juros' na frente da parcela","default":false},{"type":"checkbox","id":"parcela_comjuros","label":"Ativar Com Juros","info":"Deixe só 1x Sem Juros","default":false},{"type":"checkbox","id":"hidecomjuros","label":"Remover o nome Com Juros","info":"Marque para remover a palavra Com Juros que fica na frente da parcela","default":false},{"type":"select","id":"qt_parcelas","default":"12","options":[{"value":"2","label":"2 parcelas"},{"value":"3","label":"3 parcelas"},{"value":"4","label":"4 parcelas"},{"value":"5","label":"5 parcelas"},{"value":"6","label":"6 parcelas"},{"value":"7","label":"7 parcelas"},{"value":"8","label":"8 parcelas"},{"value":"9","label":"9 parcelas"},{"value":"10","label":"10 parcelas"},{"value":"11","label":"11 parcelas"},{"value":"12","label":"12 parcelas"}],"label":"Quantidade de Parcelas"},{"type":"header","content":"Tamanho da Fonte (Home)"},{"type":"range","id":"parcela_size-home-pc","min":5,"max":50,"step":1,"unit":"px","label":"Desktop","info":"Tamanho padrão 15","default":15},{"type":"range","id":"parcela_size-home-mobile","min":5,"max":50,"step":1,"unit":"px","label":"Celular","info":"Tamanho padrão 10","default":13},{"type":"header","content":"Tamanho da Fonte (Página de Produto)"},{"type":"range","id":"parcela_size-produto-pc","min":5,"max":50,"step":1,"unit":"px","label":"Desktop","info":"Tamanho padrão 15","default":15},{"type":"range","id":"parcela_size-produto-mobile","min":5,"max":50,"step":1,"unit":"px","label":"Celular","info":"Tamanho padrão 10","default":13},{"type":"color","id":"parcela_color","label":"Cor Geral","info":"Escolha uma cor do texto","default":"#464646"},{"type":"color","id":"parcela2_color","label":"Cor do Preço","info":"Escolha uma cor do Preço","default":"#2879FE"},{"type":"paragraph","content":"—————————————————"},{"type":"header","content":"Caixa de parcelamento"},{"type":"checkbox","id":"parcela_box","label":"Ativar Caixa de Parcela","info":"Marque para ativar a caixa de parcelamento em até 12x","default":true},{"type":"paragraph","content":"Escolha os meios de pagamento"},{"type":"checkbox","id":"visa_card","label":"Visa","default":true},{"type":"checkbox","id":"master_card","label":"Mastercard","default":true},{"type":"checkbox","id":"elo_card","label":"Elo","default":true},{"type":"checkbox","id":"picpay_card","label":"Picpay","default":true},{"type":"checkbox","id":"mp_card","label":"Mercado Pago","default":true},{"type":"checkbox","id":"boleto_card","label":"BOLETO","default":true},{"type":"checkbox","id":"pix_card","label":"PIX","default":true},{"type":"image_picker","id":"add_card","label":"Adicione um novo cartão","info":"Formato aceito: png, jpg ou gif"},{"type":"header","content":"Equipe Rawart"},{"type":"paragraph","content":"Código fornecido por [Rawart](https:\/\/rawart.com.br\/) e [Canal Drop da Revolução](https:\/\/www.youtube.com\/channel\/UC-KeHrj3HFj1-dbBjrsYw_A?sub_confirmation=1) Obrigado por apoiar nosso trabalho!"}]},{"name":"Taxa do parcelamento Com Juros","settings":[{"type":"header","content":"Ative para mostrar o preço com Juros"},{"type":"checkbox","id":"comjuros_rawart","label":"Insira o juros ao preço parcelado","info":"Ative os juros na caixa de parcela","default":false},{"type":"textarea","id":"juros2x_rawart","label":"Custo por parcelamento em até 2x","info":"Coloque a % de juros aqui"},{"type":"textarea","id":"juros3x_rawart","label":"Custo por parcelamento em até 3x","info":"Coloque a % de juros aqui"},{"type":"textarea","id":"juros4x_rawart","label":"Custo por parcelamento em até 4x","info":"Coloque a % de juros aqui"},{"type":"textarea","id":"juros5x_rawart","label":"Custo por parcelamento em até 5x","info":"Coloque a % de juros aqui"},{"type":"textarea","id":"juros6x_rawart","label":"Custo por parcelamento em até 6x","info":"Coloque a % de juros aqui"},{"type":"textarea","id":"juros7x_rawart","label":"Custo por parcelamento em até 7x","info":"Coloque a % de juros aqui"},{"type":"textarea","id":"juros8x_rawart","label":"Custo por parcelamento em até 8x","info":"Coloque a % de juros aqui"},{"type":"textarea","id":"juros9x_rawart","label":"Custo por parcelamento em até 9x","info":"Coloque a % de juros aqui"},{"type":"textarea","id":"juros10x_rawart","label":"Custo por parcelamento em até 10x","info":"Coloque a % de juros aqui"},{"type":"textarea","id":"juros11x_rawart","label":"Custo por parcelamento em até 11x","info":"Coloque a % de juros aqui"},{"type":"textarea","id":"juros12x_rawart","label":"Custo por parcelamento em até 12x","info":"Coloque a % de juros aqui"},{"type":"header","content":"Equipe Rawart"},{"type":"paragraph","content":"Código fornecido por [Rawart](https:\/\/rawart.com.br\/) e [Canal Drop da Revolução](https:\/\/www.youtube.com\/channel\/UC-KeHrj3HFj1-dbBjrsYw_A?sub_confirmation=1) Obrigado por apoiar nosso trabalho!"}]},{"name":"Rastreio Ninja","settings":[{"type":"header","content":"Código de Rastreio Personalizado"},{"type":"header","content":"Personalize as cores do Rastreio Ninja"},{"type":"color","id":"rastreioninja_background","label":"Cor da caixa de Rastreio","info":"Escolha uma cor de fundo do Rastreio","default":"#fcfcfc"},{"type":"color","id":"ninja3_color","label":"Cor do Título","info":"Cor do texto em cima","default":"#2f2f2f"},{"type":"color","id":"ninja_color","label":"Cor Geral","info":"Cor do botão e bordas","default":"#2879FE"},{"type":"color","id":"ninja2_color","label":"Cor indicador","info":"Cor do indicador da etapa do rastreio","default":"#00FFC6"},{"type":"textarea","id":"code_rastreio","label":"Código do Rastreio","info":"Não edite este código se não souber o que está fazendo."},{"type":"header","content":"Equipe Rawart"},{"type":"paragraph","content":"Código fornecido por [Rawart](https:\/\/rawart.com.br\/) e [Canal Drop da Revolução](https:\/\/www.youtube.com\/channel\/UC-KeHrj3HFj1-dbBjrsYw_A?sub_confirmation=1) Obrigado por apoiar nosso trabalho!"}]},{"name":"Frete Grátis","settings":[{"type":"header","content":"Código de Frete Grátis Personalizado"},{"type":"checkbox","id":"freteactive","label":"Frete Grátis em todos os produtos","info":"Opção sem valor mínimo","default":false},{"type":"paragraph","content":"—————————————————"},{"type":"checkbox","id":"shipping-estimated-on","label":"Ativar estimativa de entrega","info":"Caso queira usar estimativa de entrega","default":true},{"type":"textarea","id":"frete_diax","label":"Estimativa de entrega","info":"Tempo mínimo para entrega","default":"10"},{"type":"textarea","id":"frete_diay","label":"Estimativa de entrega","info":"Tempo máximo para entrega","default":"25"},{"type":"paragraph","content":"—————————————————"},{"type":"checkbox","id":"freteactive2","label":"Frete Grátis com valor mínimo de compra","info":"Opção com valor mínimo","default":true},{"type":"checkbox","id":"frete_mini","label":"Desative o valor mínimo","info":"Deixe sem preço mínimo definido","default":false},{"type":"textarea","id":"frete_pricemini","label":"Preço mínimo","info":"Coloque aqui o preço mínimo para ter frete grátis"},{"type":"header","content":"Personalize os textos"},{"type":"textarea","id":"frete_option3","label":"Descrição 3","info":"[Obtenha novos ícones aqui ](https:\/\/icons8.com\/line-awesome)"},{"type":"textarea","id":"frete_option4","label":"Descrição 4","info":"[Obtenha novos ícones aqui ](https:\/\/icons8.com\/line-awesome)"},{"type":"header","content":"Troque as cores aqui"},{"type":"color","id":"frete_color","label":"Textos em Destaque","default":"#FF0000"},{"type":"color","id":"freteprice_color","label":"Cor do Preço","default":"#33DC98"},{"type":"color","id":"frete2_color","label":"Data Estimada","default":"#0054FF"},{"type":"color","id":"frete3_color","label":"Geral","default":"#8F8F8F"},{"type":"paragraph","content":"—————————————————"},{"type":"header","content":"Consultar Valor do Frete"},{"type":"checkbox","id":"valorfrete_active","label":"Ativa o valor do frete por região","default":true},{"type":"textarea","id":"code_consultafrete","label":"Escreva o título aqui"},{"type":"textarea","id":"code_frete","label":"Valor do Frete da Região do Cliente"},{"type":"header","content":"Equipe Rawart"},{"type":"paragraph","content":"Código fornecido por [Rawart](https:\/\/rawart.com.br\/) e [Canal Drop da Revolução](https:\/\/www.youtube.com\/channel\/UC-KeHrj3HFj1-dbBjrsYw_A?sub_confirmation=1) Obrigado por apoiar nosso trabalho!"}]},{"name":"Colors","settings":[{"type":"header","content":"General"},{"type":"color","id":"heading_color","label":"Heading","default":"#1c1b1b"},{"type":"color","id":"text_color","label":"Body text","default":"#677279"},{"type":"color","id":"accent_color","label":"Accent","default":"#00badb"},{"type":"color","id":"link_color","label":"Link color","default":"#838383"},{"type":"color","id":"border_color","label":"Border","default":"#e1e3e4"},{"type":"color","id":"background","label":"Background","default":"#f3f5f6"},{"type":"color","id":"secondary_background","label":"Secondary background","info":"For best results, secondary background must not be too far from primary background","default":"#ffffff"},{"type":"color","id":"error_color","label":"Error messages","default":"#ff0000"},{"type":"color","id":"success_color","label":"Success messages","default":"#00aa00"},{"type":"header","content":"Primary button"},{"type":"color","id":"primary_button_background","label":"Background","default":"#00badb"},{"type":"color","id":"primary_button_text_color","label":"Text","default":"#ffffff"},{"type":"header","content":"Secondary button"},{"type":"color","id":"secondary_button_background","label":"Background","default":"#1e2d7d"},{"type":"color","id":"secondary_button_text_color","label":"Text","default":"#ffffff"},{"type":"header","content":"Header"},{"type":"color","id":"header_background","label":"Background","default":"#1e2d7d"},{"type":"color","id":"header_text_color","label":"Text","default":"#ffffff"},{"type":"color","id":"header_light_text_color","label":"Light text","default":"#ffffff"},{"type":"color","id":"header_accent_color","label":"Accent","default":"#00badb"},{"type":"header","content":"Footer"},{"type":"color","id":"footer_background_color","label":"Background","default":"#f3f5f6"},{"type":"color","id":"footer_heading_text_color","label":"Heading text","default":"#1e2d7d"},{"type":"color","id":"footer_body_text_color","label":"Body text","default":"#677279"},{"type":"color","id":"footer_accent_color","label":"Accent","default":"#00badb"},{"type":"header","content":"Product"},{"type":"color","id":"product_on_sale_accent","label":"On sale accent","default":"#ee0000"},{"type":"color","id":"product_in_stock_color","label":"In stock","default":"#00a500"},{"type":"color","id":"product_low_stock_color","label":"Low stock","default":"#ee0000"},{"type":"color","id":"product_sold_out_color","label":"Sold out","default":"#8a9297"},{"type":"color","id":"product_label_1_background","label":"Custom label 1 background","default":"#0774d7"},{"type":"color","id":"product_label_2_background","label":"Custom label 2 background","default":"#00a500"},{"type":"color","id":"product_star_color","label":"Review star","default":"#ffbd00"}]},{"name":"Typography","settings":[{"type":"range","id":"base_text_font_size","label":"Base size","info":"All texts, including headings, will scale accordingly.","min":14,"max":17,"unit":"px","default":15},{"type":"header","content":"Headings"},{"type":"font_picker","id":"heading_font","label":"Font","default":"helvetica_n4"},{"type":"header","content":"Body text"},{"type":"font_picker","id":"text_font","label":"Font","default":"helvetica_n4"},{"type":"checkbox","id":"underline_links","label":"Underline links","info":"Only applies to links defined in rich text fields.","default":false}]},{"name":"Animation","settings":[{"type":"checkbox","id":"animation_image_zoom","label":"Enable image zoom on hover","default":true}]},{"name":"Search","settings":[{"type":"select","id":"search_mode","label":"Search only...","options":[{"value":"product","label":"Products only"},{"value":"product,page","label":"Products and pages"},{"value":"product,article","label":"Products and blog posts"},{"value":"product,article,page","label":"Products, blog posts and pages"}],"default":"product,article"}]},{"name":"Products grid","settings":[{"type":"checkbox","id":"show_vendor","label":"Show vendor","default":false},{"type":"checkbox","id":"show_secondary_image","label":"Show secondary image on hover","default":false},{"type":"checkbox","id":"show_discount","label":"Show discount label","default":true},{"type":"select","id":"discount_mode","label":"Show discount as...","options":[{"value":"percentage","label":"Percentage"},{"value":"saving","label":"Saving"}],"default":"saving"},{"type":"select","id":"product_price_position","label":"Price position","options":[{"value":"before_title","label":"Before product title"},{"value":"after_title","label":"After product title"}],"default":"after_title"},{"type":"select","id":"product_image_size","label":"Product image size","options":[{"value":"natural","label":"Natural"},{"value":"short","label":"Short (4:3)"},{"value":"square","label":"Square (1:1)"},{"value":"tall","label":"Tall (2:3)"}],"default":"natural"},{"type":"checkbox","id":"show_color_swatch","label":"Show color swatch","info":"Colors appear white? [Learn more](http:\/\/support.maestrooo.com\/article\/80-product-uploading-custom-color-for-color-swatch)","default":false},{"type":"checkbox","id":"show_inventory_quantity","label":"Show inventory","default":false},{"type":"range","id":"low_inventory_threshold","label":"Low inventory threshold","info":"Show inventory quantity in red when quantity is below the threshold. Choose 0 to always show in stock if available.","min":0,"max":100,"step":1,"default":0},{"type":"checkbox","id":"show_reviews_badge","label":"Show reviews badge","info":"You need to install [Shopify's free Product Reviews](https:\/\/apps.shopify.com\/product-reviews) app before enabling this option.","default":false}]},{"name":"Cart","settings":[{"type":"select","id":"cart_type","label":"Cart type","options":[{"value":"drawer","label":"Drawer"},{"value":"message","label":"Message"},{"value":"page","label":"Page"}],"default":"drawer"},{"type":"url","id":"cart_empty_button_link","label":"Empty button link","default":"\/collections\/all"},{"type":"checkbox","id":"cart_show_checkout_button","label":"Show checkout button in drawer","default":true},{"type":"checkbox","id":"cart_show_free_shipping_threshold","label":"Show free shipping minimum amount","info":"Make sure that you have properly configured your [shipping rates](\/admin\/settings\/shipping).","default":false},{"type":"text","id":"cart_free_shipping_threshold","label":"Free shipping minimum amount","info":"Only write a number, no letters. Wording can be changed in [language settings](https:\/\/support.maestrooo.com\/article\/55-changing-themes-wording).","default":"50"}]},{"name":"Social media","settings":[{"type":"header","content":"Accounts"},{"type":"text","id":"social_facebook","info":"https:\/\/www.facebook.com\/shopify","label":"Facebook"},{"type":"text","id":"social_twitter","info":"https:\/\/twitter.com\/shopify","label":"Twitter"},{"type":"text","id":"social_pinterest","info":"https:\/\/www.pinterest.com\/shopify","label":"Pinterest"},{"type":"text","id":"social_instagram","info":"https:\/\/instagram.com\/shopify","label":"Instagram"},{"type":"text","id":"social_vimeo","info":"https:\/\/vimeo.com\/shopify","label":"Vimeo"},{"type":"text","id":"social_tumblr","info":"https:\/\/shopify.tumblr.com","label":"Tumblr"},{"type":"text","id":"social_youtube","info":"https:\/\/www.youtube.com\/user\/shopify","label":"YouTube"},{"type":"text","id":"social_linkedin","info":"https:\/\/linkedin.com\/in\/shopify","label":"LinkedIn"},{"type":"text","id":"social_snapchat","info":"https:\/\/snapchat.com\/add\/shopify","label":"Snapchat"},{"type":"text","id":"social_fancy","info":"https:\/\/fancy.com\/Shopify","label":"Fancy"}]},{"name":"Favicon","settings":[{"type":"image_picker","id":"favicon","label":"Image","info":"96 x 96px .png recommended"}]}]